Link Name,Center of Mass X,Center of Mass Y,Center of Mass Z,Center of Mass Roll,Center of Mass Pitch,Center of Mass Yaw,Mass,Moment Ixx,Moment Ixy,Moment Ixz,Moment Iyy,Moment Iyz,Moment Izz,Visual X,Visual Y,Visual Z,Visual Roll,Visual Pitch,Visual Yaw,Mesh Filename,Color Red,Color Green,Color Blue,Color Alpha,Collision X,Collision Y,Collision Z,Collision Roll,Collision Pitch,Collision Yaw,Collision Mesh Filename,Material Name,SW Components,Coordinate System,Axis Name,Joint Name,Joint Type,Joint Origin X,Joint Origin Y,Joint Origin Z,Joint Origin Roll,Joint Origin Pitch,Joint Origin Yaw,Parent,Joint Axis X,Joint Axis Y,Joint Axis Z,Limit Effort,Limit Velocity,Limit Lower,Limit Upper,Calibration rising,Calibration falling,Dynamics Damping,Dynamics Friction,Safety Soft Upper,Safety Soft Lower,Safety K Position,Safety K Velocity
base_link,"0,00020555461262284","0,0188739965008859","-0,0294629733464447",0,0,0,"0,259236660225532","0,000578243440790266","1,16761739662276E-07","4,23111275105699E-14","0,000149670904163769","1,26602704872136E-07","0,000702977685540445",0,0,0,0,0,0,package://ensamble completo urdf3/meshes/base_link.STL,"0,792156862745098","0,819607843137255","0,933333333333333",1,0,0,0,0,0,0,package://ensamble completo urdf3/meshes/base_link.STL,,ackerman ensamble una sola pieza-1;direccion-1,Origin_global,,,,0,0,0,0,0,0,,0,0,0,,,,,,,,,,,,
llanta_izq_trasera_link,"-0,00045081","1,6245E-05","0,015291",0,0,0,"0,079032","2,8221E-05","-7,5448E-10","-4,0693E-10","2,818E-05","2,0444E-10","4,608E-05",0,0,0,0,0,0,package://ensamble completo urdf3/meshes/llanta_izq_trasera_link.STL,"0,75294","0,75294","0,75294",1,0,0,0,0,0,0,package://ensamble completo urdf3/meshes/llanta_izq_trasera_link.STL,,wheel-1,Origin_llanta_izq_trasera_joint2,Axis_llanta_izq_trasera_joint2,llanta_izq_trasera_joint,continuous,"0,068412","0,08039","-0,035233","-1,5708","1,3396","-1,5708",base_link,0,0,1,100,100,,,,,"0,1","0,1",,,,
llanta_dere_trasera_link,"-0,000450812166489784","1,62447320234405E-05","0,0152910495758238",0,0,0,"0,079031565806871","2,82208582847534E-05","-7,54481630301574E-10","-4,06928246075466E-10","2,81802978820277E-05","2,04444901202443E-10","4,60804626355312E-05",0,0,0,0,0,0,package://ensamble completo urdf3/meshes/llanta_dere_trasera_link.STL,"0,752941176470588","0,752941176470588","0,752941176470588",1,0,0,0,0,0,0,package://ensamble completo urdf3/meshes/llanta_dere_trasera_link.STL,,wheel-2,Origin_llanta_dere_trasera_joint2,Axis_llanta_dere_trasera_joint2,llanta_dere_trasera_joint,continuous,"-0,066981","0,080386","-0,035147","1,5708","-1,5144","-1,5708",base_link,0,0,1,100,100,,,,,"0,1","0,1",,,,
llanta_dere_delantera_link,"-0,00045081","1,6245E-05","0,026254",0,0,0,"0,079032","2,8221E-05","-7,5442E-10","-4,0735E-10","2,818E-05","2,0451E-10","4,608E-05",0,0,0,0,0,0,package://ensamble completo urdf3/meshes/llanta_dere_delantera_link.STL,"0,75294","0,75294","0,75294",1,0,0,0,0,0,0,package://ensamble completo urdf3/meshes/llanta_dere_delantera_link.STL,,wheel-3,Origin_llanta_dere_delantera_joint2,Axis_llanta_dere_delantera_joint2,llanta_dere_delantera_joint,continuous,"-0,056886","-0,091524","-0,039053","-1,5708","-1,0283","1,8429",base_link,0,0,1,100,100,,,,,"0,1","0,1",,,,
brazo_dere_link,"0,0069246","-0,024307","-0,00038088",0,0,0,"0,081841","2,961E-05","-4,5957E-06","-1,7055E-08","4,5104E-05","-4,2871E-09","2,852E-05",0,0,0,0,0,0,package://ensamble completo urdf3/meshes/brazo_dere_link.STL,"0,79216","0,81961","0,93333",1,0,0,0,0,0,0,package://ensamble completo urdf3/meshes/brazo_dere_link.STL,,brazo-1;wheel-3/motor_adapter-1;wheel-3/blue_wheel_frame-1;wheel-3/65mm tire-1,Origin_brazo_dere_joint,,brazo_dere_joint,revolute,"2,3164E-05","3,8518E-05","0,00017566","-1,5708","-0,27213","-2,1133",llanta_dere_delantera_link,0,0,1,100,100,"-1,57","1,57",,,"0,1","0,1",,,,
llanta_izq_delantera_link,"-0,021594","-0,0082307","0,040951",0,0,0,"0,079032","4,608E-05","-1,6995E-10","4,2198E-10","2,818E-05","2,614E-09","2,8221E-05",0,0,0,0,0,0,package://ensamble completo urdf3/meshes/llanta_izq_delantera_link.STL,"0,18039","0,18039","0,18039",1,0,0,0,0,0,0,package://ensamble completo urdf3/meshes/llanta_izq_delantera_link.STL,,wheel-4/blue_wheel_frame-1;wheel-4/65mm tire-1;wheel-4/motor_adapter-1,Origin_llanta_izq_delantera_joint2,Axis_llanta_izq_delantera_joint2,llanta_izq_delantera_joint,continuous,"0,058991","-0,081391","0,0023486","-3,1416",0,"-2,8517",base_link,0,0,1,100,100,,,,,"0,1","0,1",,,,
brazo_izq_link,"-0,007276","0,024204","0,00043509",0,0,0,"0,081841","2,9857E-05","-5,0038E-06","2,3834E-09","4,4848E-05","1,1513E-09","2,853E-05",0,0,0,0,0,0,package://ensamble completo urdf3/meshes/brazo_izq_link.STL,"0,79216","0,81961","0,93333",1,0,0,0,0,0,0,package://ensamble completo urdf3/meshes/brazo_izq_link.STL,,brazo-2;wheel-4/motor_adapter-1;wheel-4/blue_wheel_frame-1;wheel-4/65mm tire-1,Origin_brazo_izq_joint,,brazo_izq_joint,revolute,"0,0044844","-0,0081645","0,041402","-3,1416",0,"-1,2809",llanta_izq_delantera_link,0,0,1,100,100,"-1,57","1,57",,,"0,1","0,1",,,,
